course,hear_ccm_website,hear_social_media,hear_community_event,hear_family_friend,hear_ccm_student,hear_highschool_teacher,hear_highschool_counselor,hear_inapp_ad,hear_employer,hear_billboard,hear_television,hear_radio,hear_other,impact_cost,impact_location,impact_programs,impact_online,impact_referral,impact_faculty,impact_reputation,impact_class_size,impact_transfer,impact_negative_experience,event_open_house,event_instant_decision,event_info session on campus,event_titans tuesday,event_women who dare,event_college fair,event_HS sharetime,event_challenger program,event_cybersecruity program,event_info session from school,event_high school visit,event_individual visit,event_workforce development,event_cooperate training,event_teen arts festivial,event_summer camp at CCM,major,gender
CMP 128 Computer Science I,Yes,Yes,Yes,Yes,Yes,Yes,Yes,No,No,No,No,No,No,High Impact,High Impact,Some Impact,Some Impact,Some Impact,No Impact,Some Impact,No Impact,Some Impact,No Impact,No,No,No,No,No,No,No,No,No,No,No,Yes,No,No,No,Yes,Nan,Man
,No,No,Yes,No,No,Yes,Don't recall,No,No,No,No,No,Don't recall,Some Impact,Some Impact,Some Impact,No Impact,,No Impact,Some Impact,No Impact,,,Yes,No,No,No,No,Not Sure,No,No,No,No,No,No,No,No,No,Not Sure,Computer Science,Man
CMP 128 Computer Science I,No,No,No,Yes,No,No,Yes,No,No,No,No,No,No,High Impact,Some Impact,Some Impact,No Impact,High Impact,Some Impact,High Impact,Some Impact,No Impact,No Impact,No,No,No,No,No,No,No,No,No,No,No,No,No,No,No,No,Computer Science,Man
CMP 128 Computer Science I,Yes,Yes,Yes,Yes,No,Yes,Yes,No,No,Yes,Yes,No,No,High Impact,High Impact,High Impact,Some Impact,High Impact,Some Impact,Some Impact,No Impact,Some Impact,No Impact,Yes,No,Yes,No,No,No,No,No,No,Yes,Yes,Yes,No,No,No,No,Nan,Man
CMP 128 Computer Science I,No,No,No,Yes,No,Yes,No,No,Yes,No,No,No,No,High Impact,High Impact,Some Impact,Some Impact,High Impact,Some Impact,Some Impact,No Impact,No Impact,No Impact,No,No,No,No,No,No,No,No,No,No,No,No,No,No,No,No,Computer Science,Man
CMP 128 Computer Science I,No,No,No,No,No,No,No,No,Yes,No,No,No,No,No Impact,No Impact,No Impact,No Impact,No Impact,No Impact,No Impact,No Impact,No Impact,No Impact,No,No,No,No,No,No,No,No,No,No,No,No,No,No,No,No,Nan,Man
CMP 128 Computer Science I,Yes,Yes,Don't recall,Yes,No,Yes,Yes,No,No,No,No,No,No,High Impact,High Impact,High Impact,High Impact,No Impact,No Impact,Some Impact,Some Impact,Some Impact,No Impact,No,No,No,No,No,No,No,No,No,No,No,No,No,No,No,No,Nan,Man
CMP 128 Computer Science I,Yes,Yes,No,Yes,Yes,Yes,Yes,No,No,No,No,No,No,High Impact,High Impact,High Impact,Some Impact,Some Impact,Some Impact,Some Impact,Some Impact,Some Impact,No Impact,No,No,No,No,No,No,No,No,No,No,No,No,No,No,No,No,Nan,Woman
CMP 128 Computer Science I,No,No,No,No,No,Yes,Yes,No,No,No,No,No,No,High Impact,No Impact,No Impact,No Impact,No Impact,Some Impact,No Impact,High Impact,High Impact,No Impact,No,No,Yes,No,No,No,No,No,No,Yes,Yes,No,No,No,No,No,Computer Science,Woman
CMP 128 Computer Science I,No,No,No,Yes,No,No,No,No,No,No,No,No,No,High Impact,No Impact,No Impact,No Impact,High Impact,No Impact,No Impact,No Impact,No Impact,No Impact,No,No,No,No,No,No,No,No,No,No,No,No,No,No,No,No,Computer Science,Man
CMP 128 Computer Science I,No,No,No,Yes,No,Yes,Yes,No,No,No,No,No,No,High Impact,High Impact,High Impact,No Impact,No Impact,No Impact,High Impact,High Impact,No Impact,No Impact,No,No,No,No,No,No,No,No,No,No,No,No,No,No,No,No,Business,Man
CMP 128 Computer Science I,Yes,Yes,No,No,No,No,No,No,No,No,No,No,No,High Impact,High Impact,High Impact,No Impact,Some Impact,No Impact,High Impact,Some Impact,No Impact,No Impact,Yes,Yes,Yes,No,No,No,Yes,No,No,Yes,No,Yes,No,No,No,No,Nan,Man
CMP 128 Computer Science I,No,No,No,No,Yes,Yes,No,No,No,No,No,No,Yes,High Impact,High Impact,Some Impact,Some Impact,No Impact,No Impact,No Impact,Some Impact,No Impact,No Impact,Yes,No,No,No,No,No,No,No,No,No,No,Yes,No,No,No,No,Computer Science,Man
CMP 128 Computer Science I,No,Yes,No,Yes,No,Yes,Yes,No,No,Yes,No,No,No,High Impact,Some Impact,Some Impact,No Impact,Some Impact,No Impact,Some Impact,High Impact,High Impact,No Impact,No,No,No,No,No,No,No,No,Yes,No,No,Yes,No,No,No,No,Engineering,Man
CMP 128 Computer Science I,Yes,No,No,No,No,No,No,No,No,No,No,No,Yes,High Impact,High Impact,High Impact,Some Impact,No Impact,No Impact,No Impact,No Impact,No Impact,Some Impact,No,No,No,No,No,No,No,No,No,No,No,No,No,No,No,No,Business,Man
CMP 128 Computer Science I,No,No,No,No,Yes,No,No,No,No,No,No,No,No,High Impact,No Impact,Some Impact,No Impact,No Impact,No Impact,No Impact,No Impact,Some Impact,No Impact,No,No,No,No,No,No,No,No,No,No,No,No,No,No,No,No,Computer Science,Man
CMP 128 Computer Science I,No,No,No,Yes,Yes,Yes,Yes,No,No,No,No,No,Don't recall,High Impact,High Impact,Some Impact,Some Impact,High Impact,Some Impact,High Impact,No Impact,No Impact,No Impact,No,No,No,No,No,No,No,No,No,Yes,No,Yes,No,No,No,No,Nan,Man
CMP 128 Computer Science I,Yes,No,Yes,No,No,No,Yes,No,No,No,No,No,No,High Impact,High Impact,Some Impact,Some Impact,Some Impact,High Impact,Some Impact,Some Impact,No Impact,No Impact,No,No,No,No,No,No,No,No,No,No,No,No,No,No,No,No,Computer Science,Man
CMP 128 Computer Science I,Yes,No,No,No,Yes,No,No,No,No,No,No,No,No,No Impact,No Impact,No Impact,Some Impact,No Impact,No Impact,No Impact,No Impact,No Impact,No Impact,No,No,No,No,No,No,No,No,No,No,No,Yes,No,No,No,No,Nan,Man
CMP 128 Computer Science I,Yes,No,No,Yes,No,No,No,No,Yes,No,No,No,No,High Impact,High Impact,High Impact,Some Impact,Some Impact,Some Impact,High Impact,Some Impact,High Impact,High Impact,No,No,Yes,No,No,No,No,No,No,No,No,No,No,No,No,No,Cybersecurity,Man
CMP 128 Computer Science I,No,No,No,Yes,No,No,No,No,No,No,No,No,No,High Impact,High Impact,No Impact,No Impact,High Impact,No Impact,High Impact,No Impact,No Impact,No Impact,No,No,No,No,No,No,No,No,No,No,No,No,No,No,No,No,Data Analytics And Statistics,Man
CMP 128 Computer Science I,Don't recall,Don't recall,Don't recall,Yes,No,No,Yes,No,No,No,No,No,Don't recall,Some Impact,High Impact,,,High Impact,,,,,,No,No,Not Sure,No,No,No,No,No,No,No,No,No,No,No,No,No,Computer Science,Woman
CMP 128 Computer Science I,No,No,No,No,No,Yes,No,No,No,No,No,No,No,Some Impact,High Impact,High Impact,,,,,,,,No,No,No,No,No,No,No,No,No,No,No,No,No,No,No,No,Nan,Man
CMP 128 Computer Science I,Yes,Yes,Yes,Yes,Yes,Yes,Yes,No,No,No,Yes,No,No,High Impact,High Impact,Some Impact,Some Impact,High Impact,No Impact,High Impact,Some Impact,High Impact,No Impact,Yes,No,Yes,No,No,No,No,No,No,No,No,No,No,No,No,No,Engineering,Man
CMP 128 Computer Science I,No,No,No,No,No,No,Yes,No,No,No,No,No,No,No Impact,No Impact,No Impact,No Impact,No Impact,No Impact,No Impact,No Impact,No Impact,No Impact,No,No,Yes,No,No,No,No,No,No,No,No,No,No,No,No,No,Nan,Man
CMP 128 Computer Science I,Yes,No,No,Yes,No,No,No,No,No,No,No,No,No,High Impact,High Impact,High Impact,High Impact,High Impact,No Impact,Some Impact,High Impact,High Impact,High Impact,No,No,No,No,No,No,No,No,No,No,No,No,No,No,No,No,Nan,Woman
CMP 128 Computer Science I,No,No,No,No,No,No,No,No,No,No,No,No,Yes,High Impact,High Impact,Some Impact,No Impact,No Impact,No Impact,Some Impact,No Impact,No Impact,Some Impact,No,No,No,No,No,No,No,No,No,No,No,No,No,No,No,Yes,Computer Science,Man
CMP 128 Computer Science I,Yes,No,No,Yes,Yes,Yes,Yes,No,No,No,No,No,No,Some Impact,High Impact,High Impact,Some Impact,Some Impact,High Impact,Some Impact,High Impact,No Impact,No Impact,No,No,No,No,No,No,No,No,No,No,No,No,No,No,No,No,Nan,Man
CMP 128 Computer Science I,No,Yes,No,Yes,Yes,No,No,No,No,No,No,No,No,Some Impact,High Impact,High Impact,High Impact,Some Impact,Some Impact,High Impact,No Impact,No Impact,No Impact,No,No,Yes,No,No,No,No,No,No,No,No,No,No,No,No,No,Computer Science,Man
CMP 128 Computer Science I,Yes,No,Yes,Yes,Yes,Yes,Yes,No,No,No,No,No,Don't recall,Some Impact,High Impact,Some Impact,Some Impact,No Impact,No Impact,No Impact,No Impact,High Impact,Some Impact,No,No,No,Yes,No,No,No,No,Not Sure,No,No,No,No,No,No,No,Computer Science,Man
CMP 120 Foundations of Information Security,No,No,No,Yes,No,Yes,Yes,No,No,No,No,No,No,Some Impact,Some Impact,No Impact,No Impact,High Impact,No Impact,Some Impact,No Impact,No Impact,No Impact,No,Yes,No,No,No,No,No,No,No,Yes,No,No,No,No,No,No,Computer Science,Man
CMP 120 Foundations of Information Security,No,No,No,Yes,Yes,Yes,Yes,No,No,No,No,No,No,High Impact,High Impact,Some Impact,Some Impact,Some Impact,,Some Impact,Some Impact,No Impact,No Impact,No,No,No,No,No,No,No,No,No,No,No,No,No,No,No,No,Computer Science,Man
CMP 120 Foundations of Information Security,No,No,No,No,Yes,Yes,Yes,No,No,No,No,No,No,High Impact,No Impact,No Impact,No Impact,No Impact,No Impact,High Impact,Some Impact,,,No,No,No,No,No,No,No,No,No,No,No,No,No,No,No,No,Computer Science,Man
CMP 120 Foundations of Information Security,Yes,Yes,No,Yes,Yes,Yes,No,No,Yes,Yes,No,No,No,High Impact,High Impact,High Impact,High Impact,No Impact,No Impact,High Impact,High Impact,,,No,No,No,No,No,No,No,No,No,No,No,No,No,No,No,No,Nursing,Woman
CMP 120 Foundations of Information Security,No,No,No,Yes,No,No,No,No,No,No,No,No,No,High Impact,High Impact,High Impact,No Impact,No Impact,No Impact,High Impact,No Impact,No Impact,No Impact,No,No,Yes,Yes,No,No,No,No,No,No,No,Yes,No,No,No,No,Computer Science,Man
CMP 120 Foundations of Information Security,Yes,No,No,Yes,No,No,Yes,No,No,Yes,No,No,Don't recall,High Impact,High Impact,Some Impact,,No Impact,Some Impact,High Impact,High Impact,High Impact,No Impact,No,Yes,No,No,No,No,No,No,No,Yes,Yes,No,Not Sure,No,No,No,Engineering,Man
CMP 120 Foundations of Information Security,No,No,No,No,No,Yes,Yes,No,No,No,No,No,No,High Impact,High Impact,Some Impact,Some Impact,Some Impact,Some Impact,Some Impact,No Impact,No Impact,No Impact,No,No,No,No,No,No,No,No,No,No,No,No,No,No,No,No,Business,Man
CMP 120 Foundations of Information Security,No,No,No,No,No,No,No,No,No,No,No,No,Yes,High Impact,High Impact,High Impact,Some Impact,Some Impact,High Impact,High Impact,Some Impact,No Impact,No Impact,Yes,No,No,Yes,No,No,No,No,No,No,No,Yes,No,No,No,No,Computer Science,Man
CMP 128 Computer Science I,No,No,No,Yes,No,No,Yes,No,No,No,No,No,No,High Impact,Some Impact,Some Impact,No Impact,No Impact,No Impact,Some Impact,Some Impact,No Impact,No Impact,No,Yes,No,No,No,No,No,No,No,No,No,No,No,No,No,No,Computer Science,Man
CMP 131 Fundamentals of Programming (Python),Don't recall,Don't recall,Don't recall,Yes,Yes,Don't recall,Don't recall,Don't recall,Don't recall,Don't recall,Don't recall,Don't recall,Don't recall,Some Impact,High Impact,No Impact,No Impact,No Impact,No Impact,No Impact,No Impact,No Impact,No Impact,No,No,No,No,No,No,No,No,No,No,No,No,No,No,No,No,Computer Science,Man
CMP 131 Fundamentals of Programming (Python),Yes,No,No,Yes,Yes,No,No,No,No,No,No,No,No,High Impact,High Impact,High Impact,High Impact,,,High Impact,No Impact,,,No,No,No,No,No,No,No,No,No,No,No,No,No,No,No,No,Nursing/Radiology,Woman
CMP 130 Intro to IT,No,No,No,Yes,Yes,No,No,No,No,No,No,No,No,High Impact,High Impact,Some Impact,Some Impact,High Impact,No Impact,Some Impact,No Impact,High Impact,No Impact,No,No,No,No,No,No,No,No,No,No,No,No,No,No,No,No,Computer Science,Man
CMP 128 Computer Science I,No,No,No,No,No,No,No,No,No,No,No,No,Yes,No Impact,No Impact,No Impact,No Impact,No Impact,No Impact,No Impact,No Impact,No Impact,No Impact,Yes,No,Not Sure,No,Yes,No,Not Sure,No,Yes,No,Not Sure,No,No,No,No,No,Nan,Man
CMP 128 Computer Science I,No,No,No,Yes,Yes,No,No,No,No,No,No,No,No,,,,,,,,,,,No,No,No,No,No,No,No,No,No,No,No,No,No,No,No,No,Computer Science,Woman
CMP 128 Computer Science I,No,No,No,No,No,Yes,Yes,No,No,No,No,No,No,No Impact,High Impact,No Impact,No Impact,No Impact,No Impact,No Impact,No Impact,No Impact,No Impact,No,No,No,No,No,No,No,No,Yes,No,No,No,No,No,No,No,Nan,Woman
CMP 128 Computer Science I,Yes,No,No,No,No,Yes,No,No,No,No,No,No,No,High Impact,No Impact,High Impact,No Impact,No Impact,No Impact,No Impact,No Impact,No Impact,No Impact,No,No,No,No,No,No,No,No,No,No,No,No,No,No,No,No,Science,Man
CMP 128 Computer Science I,No,No,No,Yes,No,No,No,No,No,No,No,No,No,,,High Impact,,,,Some Impact,,,,No,No,No,No,No,No,No,No,No,No,No,No,No,No,No,No,Computer Science,Man
CMP 128 Computer Science I,Yes,No,No,Yes,Yes,Yes,Yes,No,No,No,No,No,No,No Impact,No Impact,No Impact,No Impact,No Impact,No Impact,No Impact,No Impact,No Impact,No Impact,No,No,No,No,No,No,Yes,Yes,Yes,No,No,No,No,No,No,No,Computer Science,Man
CMP 128 Computer Science I,No,No,No,Yes,Yes,Yes,No,No,No,No,No,No,No,No Impact,High Impact,High Impact,No Impact,Some Impact,Some Impact,No Impact,No Impact,No Impact,No Impact,No,No,No,No,No,No,Yes,Yes,No,No,No,No,No,No,No,No,Computer Science,Woman
,No,No,No,No,No,No,Yes,No,No,No,No,No,Yes,No Impact,No Impact,Some Impact,No Impact,No Impact,No Impact,No Impact,No Impact,No Impact,No Impact,No,No,No,No,No,No,Yes,No,No,No,No,No,No,No,No,No,Computer Science,Man
CMP 128 Computer Science I,No,No,No,No,No,Yes,No,No,No,No,No,No,Yes,No Impact,No Impact,Some Impact,No Impact,No Impact,No Impact,No Impact,No Impact,No Impact,No Impact,Not Sure,Not Sure,Not Sure,Not Sure,Not Sure,Not Sure,Yes,Yes,Not Sure,Not Sure,Not Sure,Not Sure,Not Sure,Not Sure,Yes,Not Sure,Business,Woman
CMP 128 Computer Science I,Yes,No,No,Yes,Yes,Yes,Yes,No,No,No,No,No,Don't recall,Some Impact,High Impact,High Impact,Some Impact,No Impact,,Some Impact,High Impact,,,No,No,No,No,No,No,No,No,Yes,No,No,No,No,No,No,No,Computer Science,Man
CMP 128 Computer Science I,No,No,No,Yes,No,No,No,No,No,No,No,No,No,,No Impact,No Impact,No Impact,No Impact,No Impact,No Impact,No Impact,No Impact,No Impact,No,No,No,No,No,No,Yes,No,No,No,No,No,No,No,No,No,Science,Man
CMP 128 Computer Science I,No,No,No,No,No,Yes,Yes,No,No,No,No,No,No,No Impact,Some Impact,High Impact,No Impact,No Impact,No Impact,No Impact,No Impact,,,No,No,No,No,No,No,Yes,No,Yes,Yes,No,No,No,No,No,No,Computer Science,Man
CMP 128 Computer Science I,No,No,No,Yes,No,No,Yes,No,No,No,No,No,Yes,No Impact,No Impact,No Impact,No Impact,No Impact,No Impact,Some Impact,No Impact,No Impact,No Impact,No,No,No,No,No,No,No,No,No,No,No,No,No,No,No,No,Business,Man
CMP 128 Computer Science I,No,No,No,No,No,No,Yes,No,No,No,No,No,No,No Impact,No Impact,No Impact,No Impact,No Impact,No Impact,Some Impact,No Impact,Some Impact,No Impact,No,No,No,No,No,No,Yes,No,No,No,No,No,No,No,No,No,Computer Science,Man
CMP 128 Computer Science I,No,No,No,Yes,Yes,No,No,No,No,No,No,No,No,No Impact,No Impact,High Impact,No Impact,High Impact,No Impact,No Impact,No Impact,No Impact,No Impact,No,No,No,No,No,No,Yes,No,No,No,No,No,No,No,No,No,Computer Science,Man
CMP 128 Computer Science I,No,No,No,No,No,Yes,Yes,No,No,No,No,No,Yes,No Impact,No Impact,High Impact,No Impact,No Impact,No Impact,No Impact,No Impact,No Impact,No Impact,No,No,No,No,No,No,Yes,No,No,No,No,No,No,No,No,No,Nan,Man
CMP 128 Computer Science I,Yes,No,No,Yes,No,Yes,Yes,No,No,No,Yes,No,No,Some Impact,High Impact,High Impact,Some Impact,Some Impact,Some Impact,Some Impact,Some Impact,Some Impact,Some Impact,Yes,No,Yes,No,No,No,No,No,Yes,No,No,No,No,No,No,No,Computer Science,Woman
CMP 128 Computer Science I,No,No,No,Yes,Yes,No,No,No,No,No,No,No,No,High Impact,High Impact,High Impact,No Impact,High Impact,No Impact,No Impact,No Impact,High Impact,No Impact,No,No,No,No,No,No,No,No,No,No,No,No,No,No,No,No,Computer Science,Man
CMP 128 Computer Science I,Yes,Yes,No,No,No,Yes,Yes,No,No,No,No,No,No,Some Impact,High Impact,High Impact,,,,Some Impact,Some Impact,,,No,No,No,No,No,No,No,Yes,No,No,No,No,No,No,No,No,Computer Science,Woman
CMP 128 Computer Science I,No,No,No,Yes,Yes,Yes,Yes,No,No,No,No,No,No,High Impact,High Impact,,,,,,,,,No,No,No,Not Sure,Not Sure,Not Sure,Not Sure,Not Sure,Not Sure,Not Sure,Not Sure,Not Sure,Not Sure,Not Sure,Not Sure,Not Sure,Computer Science,Man
CMP 128 Computer Science I,No,No,No,No,No,No,No,No,No,No,No,No,Yes,Some Impact,No Impact,High Impact,No Impact,Some Impact,No Impact,No Impact,No Impact,No Impact,No Impact,No,No,No,No,No,No,No,No,No,No,No,No,No,No,No,No,Computer Science,Man
CMP 128 Computer Science I,Yes,Don't recall,No,No,Yes,No,No,No,No,No,No,No,No,High Impact,High Impact,High Impact,High Impact,High Impact,Some Impact,No Impact,Some Impact,No Impact,No Impact,No,No,Yes,No,No,No,No,No,No,No,No,No,No,No,No,No,Nan,Man
CMP 128 Computer Science I,No,No,No,Yes,No,No,No,No,No,No,No,No,No,High Impact,High Impact,High Impact,,,,,,,,No,No,No,No,No,No,No,No,No,No,No,No,No,No,No,No,Nan,Man
CMP 128 Computer Science I,No,No,Yes,No,No,Yes,Yes,No,No,No,No,No,No,High Impact,No Impact,High Impact,No Impact,No Impact,High Impact,High Impact,High Impact,High Impact,No Impact,No,No,No,No,No,No,No,No,No,No,Yes,No,No,No,No,No,Nan,Man
CMP 128 Computer Science I,No,No,No,Yes,No,No,No,No,No,No,No,No,No,High Impact,High Impact,High Impact,Some Impact,High Impact,No Impact,High Impact,No Impact,High Impact,No Impact,Yes,No,Yes,No,No,No,No,No,No,No,No,No,No,No,No,No,Engineering,Man
CMP 128 Computer Science I,No,No,No,Yes,Yes,Yes,No,No,No,No,No,No,No,Some Impact,Some Impact,Some Impact,No Impact,High Impact,No Impact,Some Impact,No Impact,No Impact,No Impact,No,No,No,No,No,No,No,No,No,No,No,No,No,No,No,No,Computer Science,Man
CMP 128 Computer Science I,Yes,No,No,Yes,Don't recall,Yes,Yes,No,No,No,No,No,No,Some Impact,Some Impact,High Impact,No Impact,Some Impact,Some Impact,High Impact,No Impact,Some Impact,No Impact,Not Sure,No,No,Yes,No,Yes,No,No,No,Yes,No,Yes,No,No,No,No,Computer Science,Man
CMP 128 Computer Science I,Yes,No,No,Yes,No,Yes,Yes,No,Yes,No,No,No,No,High Impact,High Impact,High Impact,Some Impact,High Impact,High Impact,High Impact,,High Impact,,No,No,Yes,No,No,No,No,No,No,No,No,No,No,No,No,No,Computer Science,Man
CMP 128 Computer Science I,No,No,Yes,Yes,Yes,Yes,Yes,No,No,No,No,No,No,High Impact,High Impact,Some Impact,No Impact,Some Impact,No Impact,No Impact,No Impact,No Impact,No Impact,Yes,No,No,No,No,No,No,No,No,No,No,No,No,No,No,No,Nan,Man
CMP 128 Computer Science I,Yes,No,Yes,Yes,No,No,Yes,Yes,No,No,No,No,No,Some Impact,High Impact,Some Impact,No Impact,High Impact,High Impact,High Impact,No Impact,No Impact,No Impact,Yes,No,No,Yes,No,No,No,No,No,Yes,No,Yes,No,No,No,No,Computer Science,Man
CMP 128 Computer Science I,No,No,No,No,Yes,Yes,Yes,No,No,No,No,No,No,,Some Impact,Some Impact,Some Impact,No Impact,No Impact,Some Impact,No Impact,No Impact,No Impact,No,No,No,No,No,No,No,No,No,No,No,No,No,No,No,No,Computer Science,Man
CMP 128 Computer Science I,No,No,No,Yes,No,No,No,No,No,No,No,No,No,High Impact,High Impact,No Impact,No Impact,No Impact,No Impact,No Impact,No Impact,No Impact,High Impact,Yes,No,Not Sure,Not Sure,No,No,No,No,No,No,No,No,No,No,No,No,Science,Man
CMP 128 Computer Science I,Yes,Yes,Yes,Yes,Yes,Don't recall,Yes,Don't recall,Don't recall,Don't recall,No,No,No,Some Impact,Some Impact,Some Impact,Some Impact,,Some Impact,Some Impact,No Impact,,,No,No,Yes,No,No,No,No,No,No,No,No,No,No,No,No,No,Computer Science,Man
CMP 131 Fundamentals of Programming (Python),No,No,No,No,No,No,No,No,No,No,No,No,Yes,Some Impact,Some Impact,High Impact,Some Impact,No Impact,Some Impact,Some Impact,No Impact,No Impact,No Impact,No,No,No,No,No,No,No,No,No,No,No,No,Yes,No,No,No,Nan,Man
CMP 131 Fundamentals of Programming (Python),Don't recall,Don't recall,Don't recall,Don't recall,Don't recall,Don't recall,Yes,Don't recall,Don't recall,Don't recall,Don't recall,Don't recall,Don't recall,Some Impact,Some Impact,Some Impact,Some Impact,Some Impact,Some Impact,Some Impact,,,,No,No,No,No,No,No,No,No,No,No,No,No,No,No,No,No,Nan,Man
CMP 128 Computer Science I,Yes,No,No,No,No,No,No,No,No,No,No,No,No,No Impact,No Impact,No Impact,Some Impact,High Impact,High Impact,High Impact,High Impact,High Impact,High Impact,No,No,Yes,Yes,No,No,No,No,No,No,No,No,No,No,No,No,Liberal Arts,Man
CMP 128 Computer Science I,No,No,No,No,No,No,No,No,No,No,No,No,Yes,High Impact,Some Impact,No Impact,No Impact,No Impact,No Impact,Some Impact,No Impact,No Impact,No Impact,Yes,No,No,No,No,No,No,No,No,No,No,No,No,No,No,No,Nan,Man
CMP 128 Computer Science I,Yes,No,No,Yes,No,No,No,No,No,No,No,No,No,High Impact,High Impact,High Impact,High Impact,No Impact,No Impact,No Impact,Some Impact,No Impact,No Impact,No,No,No,No,No,No,No,No,No,No,No,No,No,No,No,No,Computer Science,Man
CMP 128 Computer Science I,Yes,No,No,No,No,No,No,No,No,No,No,No,Yes,No Impact,No Impact,No Impact,No Impact,No Impact,No Impact,No Impact,No Impact,No Impact,,Not Sure,Not Sure,Not Sure,Not Sure,Not Sure,Not Sure,Not Sure,Not Sure,Not Sure,Not Sure,Not Sure,Not Sure,Yes,Not Sure,Not Sure,Not Sure,Computer Science,Woman
CMP 128 Computer Science I,No,No,No,Yes,No,No,Yes,No,No,No,No,No,No,High Impact,Some Impact,Some Impact,No Impact,No Impact,No Impact,Some Impact,No Impact,No Impact,No Impact,Yes,No,No,No,No,No,No,No,No,No,No,Yes,No,No,No,No,Computer Science,Man
CMP 128 Computer Science I,Don't recall,Don't recall,Don't recall,Don't recall,Don't recall,Yes,Yes,Don't recall,Don't recall,Don't recall,Don't recall,Don't recall,Don't recall,,,,,,,,,,,Not Sure,Not Sure,Not Sure,Not Sure,Not Sure,Not Sure,Not Sure,Not Sure,Not Sure,Not Sure,Not Sure,Not Sure,Not Sure,Not Sure,Not Sure,Not Sure,Nan,Man
CMP 128 Computer Science I,No,No,Yes,Yes,No,No,No,No,No,Yes,No,No,Don't recall,High Impact,High Impact,No Impact,No Impact,No Impact,No Impact,Some Impact,Some Impact,No Impact,No Impact,Yes,No,No,No,No,No,No,No,No,No,No,No,No,No,Yes,No,Business,Man
CMP 128 Computer Science I,Yes,No,No,No,No,Yes,Yes,Yes,No,No,No,No,No,High Impact,High Impact,Some Impact,No Impact,No Impact,No Impact,No Impact,No Impact,No Impact,No Impact,No,No,No,No,No,No,No,No,No,No,No,No,No,No,No,No,Nan,Man
CMP 128 Computer Science I,No,No,No,Yes,Yes,Yes,No,No,No,No,No,No,No,High Impact,No Impact,High Impact,No Impact,No Impact,No Impact,High Impact,No Impact,No Impact,No Impact,Yes,No,No,No,No,No,No,No,No,No,No,Yes,No,No,No,No,Computer Science,Man
CMP 128 Computer Science I,No,No,No,Yes,No,No,Yes,No,No,No,No,No,No,High Impact,Some Impact,No Impact,No Impact,Some Impact,No Impact,No Impact,No Impact,No Impact,No Impact,Yes,No,No,Yes,No,No,No,No,No,No,No,No,No,No,No,No,Computer Science,Man
CMP 128 Computer Science I,Yes,Yes,Yes,No,Yes,No,No,No,No,No,No,No,Yes,High Impact,High Impact,Some Impact,No Impact,No Impact,No Impact,No Impact,High Impact,,,No,No,No,No,No,No,No,No,No,Yes,Yes,No,No,No,No,No,Computer Science,Woman
CMP 128 Computer Science I,No,No,No,Yes,Yes,Yes,Yes,No,No,No,No,No,No,High Impact,High Impact,Some Impact,Some Impact,High Impact,Some Impact,High Impact,Some Impact,High Impact,,No,No,No,No,No,No,No,No,No,No,No,Yes,No,No,No,No,Nan,Man
CMP 128 Computer Science I,Yes,No,Yes,Yes,No,No,Yes,No,No,No,No,No,No,Some Impact,High Impact,Some Impact,No Impact,High Impact,No Impact,No Impact,Some Impact,No Impact,No Impact,No,No,No,No,No,No,No,No,No,Yes,No,Yes,No,No,No,No,Nan,Man
CMP 120 Foundations of Information Security,No,No,No,Yes,No,Yes,No,No,No,No,No,No,No,High Impact,High Impact,High Impact,High Impact,High Impact,Some Impact,No Impact,No Impact,No Impact,No Impact,No,No,Yes,No,No,No,No,No,No,No,No,No,No,No,No,No,Computer Science,Man
CMP 120 Foundations of Information Security,No,No,No,Yes,No,No,No,No,No,No,No,No,No,Some Impact,High Impact,High Impact,Some Impact,Some Impact,No Impact,Some Impact,High Impact,High Impact,High Impact,No,No,No,No,No,No,No,No,No,No,No,No,No,No,No,No,Nan,Man
CMP 120 Foundations of Information Security,Yes,Yes,Yes,Yes,No,Yes,Yes,No,No,No,No,No,No,High Impact,High Impact,Some Impact,Some Impact,Some Impact,Some Impact,Some Impact,Some Impact,No Impact,No Impact,Yes,No,Yes,No,No,No,Yes,No,No,Yes,No,Yes,No,No,No,No,Biology,Man
CMP 130 Intro to IT,No,No,No,No,No,No,Yes,No,No,No,No,No,No,High Impact,High Impact,High Impact,No Impact,No Impact,No Impact,Some Impact,No Impact,No Impact,No Impact,No,No,No,No,No,No,No,No,No,No,No,No,No,No,No,No,Computer Science,Man
CMP 120 Foundations of Information Security,No,No,No,Yes,Yes,Yes,Yes,No,No,No,No,No,No,High Impact,High Impact,High Impact,High Impact,Some Impact,Some Impact,High Impact,Some Impact,High Impact,No Impact,Yes,No,No,No,No,Yes,No,No,Yes,No,No,Yes,No,No,No,No,Exercise Science,Man
CMP 120 Foundations of Information Security,Yes,Yes,No,Yes,Yes,No,Yes,No,No,No,No,No,No,High Impact,No Impact,High Impact,Some Impact,High Impact,Some Impact,High Impact,High Impact,No Impact,No Impact,Yes,No,Yes,Yes,No,Yes,No,No,No,No,No,No,No,No,No,No,Computer Science,Woman
CMP 120 Foundations of Information Security,Yes,No,No,Yes,Yes,No,No,No,No,No,No,No,Yes,Some Impact,High Impact,High Impact,Some Impact,Some Impact,Some Impact,Some Impact,High Impact,High Impact,No Impact,No,No,No,No,No,No,No,No,No,No,No,No,No,No,No,No,Computer Science,Man
CMP 120 Foundations of Information Security,Yes,Yes,No,Yes,No,No,No,No,No,No,No,No,No,Some Impact,Some Impact,Some Impact,No Impact,Some Impact,No Impact,No Impact,No Impact,No Impact,No Impact,Yes,No,No,No,No,No,No,No,No,No,No,No,No,No,No,No,Art,Man
CMP 120 Foundations of Information Security,No,Don't recall,Don't recall,Yes,No,No,Yes,Don't recall,No,No,No,No,No,No Impact,High Impact,High Impact,No Impact,Some Impact,No Impact,Some Impact,Some Impact,,,No,No,No,No,No,No,No,No,No,No,No,No,No,No,No,No,Nan,Man
CMP 120 Foundations of Information Security,No,No,No,Yes,No,No,No,No,No,No,No,No,No,High Impact,High Impact,No Impact,No Impact,High Impact,No Impact,No Impact,Some Impact,No Impact,No Impact,Not Sure,No,Not Sure,No,No,No,No,No,No,No,No,Not Sure,No,No,No,No,Computer Science,Man
CMP 120 Foundations of Information Security,No,No,Yes,Yes,No,Yes,Yes,No,No,No,No,No,No,High Impact,High Impact,Some Impact,No Impact,Some Impact,No Impact,Some Impact,No Impact,No Impact,No Impact,No,No,No,No,No,No,No,No,No,Yes,Yes,No,No,No,No,No,Computer Science,Man
CMP 131 Fundamentals of Programming (Python),No,Yes,No,Yes,No,No,No,No,No,Yes,Yes,No,No,High Impact,High Impact,High Impact,High Impact,High Impact,,High Impact,Some Impact,High Impact,,Yes,No,No,No,No,No,No,No,Yes,No,No,Yes,No,No,No,No,Science,Man
CMP 131 Fundamentals of Programming (Python),No,No,No,Yes,Yes,No,No,No,Yes,No,No,No,No,High Impact,High Impact,Some Impact,No Impact,High Impact,No Impact,No Impact,Some Impact,High Impact,Some Impact,No,No,No,No,No,No,No,No,No,No,No,Yes,No,No,No,No,Engineering,Man
CMP 131 Fundamentals of Programming (Python),Yes,Yes,No,Yes,No,No,No,Yes,No,Yes,Yes,No,No,High Impact,High Impact,High Impact,High Impact,Some Impact,High Impact,High Impact,High Impact,High Impact,High Impact,No,No,No,No,No,No,No,No,No,No,No,No,No,No,No,No,Computer Science,Woman
CMP 131 Fundamentals of Programming (Python),Yes,No,No,Yes,No,No,No,No,No,No,No,No,No,Some Impact,Some Impact,High Impact,High Impact,High Impact,No Impact,High Impact,No Impact,No Impact,No Impact,Yes,Yes,Yes,Yes,Yes,Yes,Yes,Yes,Yes,Yes,Yes,Yes,Yes,Yes,Yes,Yes,Computer Science,Woman
CMP 131 Fundamentals of Programming (Python),Yes,Yes,No,Yes,Yes,Yes,Yes,No,No,Yes,No,No,No,High Impact,High Impact,High Impact,High Impact,No Impact,No Impact,High Impact,High Impact,High Impact,Some Impact,No,No,No,No,No,No,No,No,No,No,No,Yes,No,No,No,No,Computer Science,Man
CMP 131 Fundamentals of Programming (Python),Yes,Yes,Yes,Yes,Yes,Yes,Yes,No,No,No,No,No,No,High Impact,High Impact,High Impact,High Impact,High Impact,Some Impact,High Impact,,,,No,No,No,No,No,No,No,No,No,No,No,No,No,No,No,No,Computer Science,Man
CMP 128 Computer Science I,No,No,No,Yes,No,Yes,Yes,No,No,No,No,No,No,High Impact,High Impact,Some Impact,High Impact,Some Impact,No Impact,Some Impact,No Impact,High Impact,High Impact,Yes,Not Sure,Yes,Not Sure,Not Sure,Not Sure,Not Sure,Not Sure,Not Sure,Not Sure,Not Sure,Yes,Not Sure,Not Sure,Not Sure,Not Sure,Liberal Arts,Woman
CMP 128 Computer Science I,Yes,No,Yes,Yes,No,Yes,Yes,Don't recall,Don't recall,Don't recall,Don't recall,Don't recall,Don't recall,High Impact,High Impact,High Impact,,High Impact,,High Impact,Some Impact,,,Yes,No,Yes,Not Sure,Not Sure,Not Sure,Not Sure,Not Sure,Not Sure,Yes,Not Sure,Yes,Not Sure,Not Sure,Not Sure,Not Sure,Computer Science,Woman
CMP 128 Computer Science I,Yes,No,No,Yes,Yes,Yes,Yes,No,No,No,No,No,No,Some Impact,Some Impact,Some Impact,No Impact,High Impact,No Impact,High Impact,No Impact,Some Impact,No Impact,No,No,No,No,No,No,No,Yes,No,Yes,No,No,No,No,No,No,Undecided,Man
CMP 128 Computer Science I,Yes,Yes,Yes,Yes,Yes,Yes,No,No,No,Yes,No,No,No,High Impact,High Impact,Some Impact,Some Impact,High Impact,Some Impact,Some Impact,High Impact,No Impact,No Impact,No,No,No,No,No,No,No,No,No,No,No,No,No,No,No,No,Nan,Woman
CMP 128 Computer Science I,No,No,No,Yes,No,Yes,Yes,No,No,No,No,No,No,High Impact,High Impact,Some Impact,No Impact,Some Impact,No Impact,No Impact,High Impact,High Impact,,Yes,No,No,No,No,No,No,No,No,Yes,No,No,No,No,Yes,No,Nan,Woman
CMP 239 Internet & Web Page Design,Don't recall,Don't recall,Don't recall,Don't recall,Don't recall,Don't recall,Don't recall,Don't recall,Don't recall,Don't recall,Don't recall,Don't recall,Yes,Some Impact,Some Impact,High Impact,,,,,Some Impact,High Impact,Some Impact,No,No,Yes,No,No,No,No,No,Yes,No,No,No,No,No,Yes,No,Computer Science,Man
CMP 239 Internet & Web Page Design,Yes,No,No,Yes,No,No,No,No,No,No,No,No,No,Some Impact,Some Impact,Some Impact,Some Impact,Some Impact,Some Impact,Some Impact,Some Impact,Some Impact,Some Impact,No,No,No,No,No,No,No,No,No,No,No,No,No,No,No,No,Nan,Man
CMP 239 Internet & Web Page Design,No,No,No,Yes,No,No,No,No,No,No,No,No,No,Some Impact,No Impact,Some Impact,No Impact,High Impact,No Impact,No Impact,No Impact,No Impact,No Impact,No,No,No,No,No,No,No,No,No,No,No,No,No,No,No,No,Nan,Man
CMP 239 Internet & Web Page Design,No,No,No,Yes,Yes,No,No,No,No,No,No,No,No,Some Impact,High Impact,No Impact,Some Impact,Some Impact,Some Impact,Some Impact,High Impact,,,No,No,No,No,No,No,No,No,No,No,No,No,No,No,No,No,Nan,Woman
CMP 239 Internet & Web Page Design,No,No,No,No,Yes,No,No,No,No,No,No,No,No,High Impact,High Impact,High Impact,No Impact,High Impact,Some Impact,Some Impact,Some Impact,Some Impact,High Impact,Yes,Yes,Not Sure,Not Sure,Not Sure,Not Sure,Not Sure,Not Sure,Not Sure,Not Sure,Not Sure,Not Sure,Not Sure,Not Sure,Not Sure,Not Sure,Nan,Prefer not to say
CMP 239 Internet & Web Page Design,No,No,No,Yes,No,No,No,No,No,No,No,No,No,Some Impact,Some Impact,Some Impact,No Impact,High Impact,No Impact,Some Impact,No Impact,,,No,No,No,No,No,No,No,No,No,No,No,No,No,No,No,No,Journalism,Man
CMP 239 Internet & Web Page Design,Yes,Don't recall,Don't recall,Yes,Yes,Yes,Yes,Don't recall,Don't recall,Don't recall,Don't recall,Don't recall,Don't recall,High Impact,High Impact,High Impact,High Impact,,,High Impact,,High Impact,,Yes,Not Sure,Not Sure,Not Sure,Not Sure,Not Sure,Not Sure,Not Sure,Not Sure,Not Sure,Not Sure,Yes,Not Sure,Not Sure,Not Sure,Not Sure,Nan,Man
CMP 120 Foundations of Information Security,No,No,Yes,Yes,Yes,No,Yes,No,No,No,No,No,No,Some Impact,No Impact,High Impact,Some Impact,High Impact,Some Impact,High Impact,No Impact,High Impact,,Yes,Not Sure,Not Sure,Not Sure,Not Sure,Yes,Yes,Not Sure,No,Yes,Yes,No,No,No,No,No,Engineering,Man
CMP 120 Foundations of Information Security,No,No,No,No,No,No,Yes,No,No,No,No,No,No,No Impact,No Impact,High Impact,No Impact,Some Impact,No Impact,No Impact,Some Impact,No Impact,No Impact,Yes,No,No,No,No,No,No,No,No,No,No,No,No,No,No,No,Nan,Man
CMP 120 Foundations of Information Security,No,No,No,Yes,No,No,No,No,No,No,No,No,No,Some Impact,No Impact,High Impact,,High Impact,,,,High Impact,,No,No,No,No,No,No,No,No,No,No,No,Yes,No,No,No,No,Nan,Man
CMP 120 Foundations of Information Security,No,No,Don't recall,Yes,No,No,Yes,No,No,No,No,No,No,Some Impact,No Impact,Some Impact,Some Impact,No Impact,No Impact,High Impact,No Impact,High Impact,No Impact,No,No,No,No,No,No,No,No,No,No,No,No,No,No,No,No,Physical Therapy,Man
CMP 120 Foundations of Information Security,Don't recall,Don't recall,Yes,Don't recall,Don't recall,Don't recall,Yes,Don't recall,Don't recall,Don't recall,Don't recall,Don't recall,Don't recall,No Impact,No Impact,High Impact,No Impact,No Impact,No Impact,No Impact,High Impact,No Impact,No Impact,No,No,No,No,No,Yes,Yes,No,Yes,Yes,No,No,No,No,No,No,Engineering,Woman
CMP 120 Foundations of Information Security,No,No,No,Yes,No,No,No,No,No,No,No,No,No,Some Impact,Some Impact,High Impact,No Impact,High Impact,No Impact,No Impact,Some Impact,No Impact,No Impact,No,No,No,No,No,No,No,No,No,No,Yes,No,No,No,No,No,Computer Science,Woman
CMP 120 Foundations of Information Security,Don't recall,No,No,Yes,Yes,No,No,No,No,No,No,No,No,No Impact,Some Impact,Some Impact,No Impact,Some Impact,Some Impact,No Impact,No Impact,No Impact,No Impact,No,No,No,No,No,No,No,No,No,No,No,Yes,No,No,No,No,other,Man
CMP 131 Fundamentals of Programming (Python),No,No,No,No,No,No,Yes,No,No,No,No,No,No,No Impact,No Impact,High Impact,No Impact,No Impact,No Impact,Some Impact,No Impact,No Impact,No Impact,No,No,No,No,No,No,No,No,No,No,No,No,No,No,No,Yes,Computer Science,Man
CMP 131 Fundamentals of Programming (Python),No,No,No,No,No,No,Yes,No,No,No,No,No,No,High Impact,No Impact,High Impact,No Impact,No Impact,No Impact,No Impact,No Impact,No Impact,No Impact,Yes,No,No,No,No,No,Yes,No,No,Yes,No,No,No,No,No,Yes,Computer Science,Man
CMP 120 Foundations of Information Security,No,No,No,Yes,No,No,No,No,No,No,No,No,No,High Impact,Some Impact,High Impact,Some Impact,Some Impact,No Impact,High Impact,No Impact,High Impact,No Impact,No,No,No,No,No,No,Yes,No,No,No,No,No,No,No,No,No,other,Woman
CMP 120 Foundations of Information Security,No,No,No,Yes,No,Yes,Yes,No,No,No,No,No,No,No Impact,No Impact,Some Impact,No Impact,Some Impact,No Impact,No Impact,No Impact,Some Impact,No Impact,No,No,No,No,No,No,No,No,No,No,No,No,No,No,No,No,Science,Man
CMP 120 Foundations of Information Security,No,No,No,Yes,Yes,Yes,Yes,No,No,No,No,No,No,High Impact,High Impact,High Impact,Some Impact,High Impact,No Impact,High Impact,No Impact,High Impact,Some Impact,Not Sure,Not Sure,Not Sure,Not Sure,Not Sure,Not Sure,Not Sure,Not Sure,Not Sure,Not Sure,Not Sure,Not Sure,Not Sure,Not Sure,Not Sure,Not Sure,Engineering,Man
CMP 131 Fundamentals of Programming (Python),Yes,No,Don't recall,No,Yes,Don't recall,No,Yes,No,Don't recall,No,Yes,No,High Impact,,High Impact,Some Impact,No Impact,Some Impact,High Impact,Some Impact,Some Impact,High Impact,Yes,No,Not Sure,No,Yes,No,Not Sure,No,Yes,No,Not Sure,No,Yes,No,Not Sure,No,Engineering,Man
CMP 120 Foundations of Information Security,No,No,No,Yes,No,No,No,No,No,No,No,No,No,Some Impact,No Impact,Some Impact,No Impact,Some Impact,No Impact,No Impact,Some Impact,Some Impact,No Impact,No,No,Yes,No,No,No,Yes,No,No,No,No,No,No,No,No,No,Computer Science,Woman
CMP 131 Fundamentals of Programming (Python),Yes,Don't recall,Don't recall,Yes,No,Yes,Yes,No,No,No,No,No,No,High Impact,High Impact,Some Impact,Some Impact,Some Impact,No Impact,Some Impact,Some Impact,High Impact,Some Impact,No,No,No,No,No,No,No,No,No,No,No,No,No,No,No,No,Science,Man
CMP 131 Fundamentals of Programming (Python),No,No,No,Yes,Yes,Yes,Yes,No,No,No,No,No,No,High Impact,High Impact,Some Impact,Some Impact,High Impact,,High Impact,No Impact,,,No,No,Yes,Yes,No,No,No,No,No,Yes,No,Yes,No,No,No,No,Nan,Man
CMP 131 Fundamentals of Programming (Python),Yes,No,Yes,Yes,Yes,Yes,Yes,Yes,Yes,No,No,No,Yes,High Impact,High Impact,Some Impact,Some Impact,Some Impact,Some Impact,High Impact,No Impact,No Impact,No Impact,No,No,No,No,No,No,No,No,No,Yes,No,No,No,No,No,No,Nan,Man
CMP 131 Fundamentals of Programming (Python),Yes,No,No,Yes,No,Yes,Yes,No,No,No,No,No,No,No Impact,No Impact,High Impact,High Impact,No Impact,No Impact,High Impact,High Impact,No Impact,No Impact,No,Yes,Yes,Yes,No,No,Yes,No,Yes,Yes,No,No,No,No,No,No,Computer Science,Man
CMP 131 Fundamentals of Programming (Python),Yes,No,No,Yes,Yes,No,No,No,No,No,No,No,No,No Impact,Some Impact,High Impact,High Impact,High Impact,No Impact,Some Impact,No Impact,High Impact,No Impact,No,No,No,No,Not Sure,No,No,No,No,No,No,No,No,No,No,No,Computer Science,Man
CMP 131 Fundamentals of Programming (Python),Yes,Yes,Yes,Yes,Yes,Yes,Yes,Don't recall,Don't recall,Don't recall,Don't recall,Don't recall,Don't recall,High Impact,High Impact,High Impact,High Impact,No Impact,Some Impact,High Impact,Some Impact,,High Impact,Yes,Not Sure,Not Sure,Not Sure,Not Sure,Not Sure,Not Sure,Not Sure,Not Sure,Yes,Not Sure,Not Sure,Not Sure,Not Sure,Not Sure,Not Sure,Nan,Man
CMP 131 Fundamentals of Programming (Python),Yes,Don't recall,Don't recall,Don't recall,Don't recall,Don't recall,Don't recall,Don't recall,Don't recall,Don't recall,Don't recall,Don't recall,Don't recall,High Impact,High Impact,High Impact,High Impact,,,,,,,Not Sure,Not Sure,Not Sure,Not Sure,Not Sure,Not Sure,Not Sure,Not Sure,Not Sure,Not Sure,Not Sure,Not Sure,Not Sure,Not Sure,Not Sure,Not Sure,Computer Science,Woman
CMP 131 Fundamentals of Programming (Python),Don't recall,Don't recall,Don't recall,Don't recall,Yes,Yes,Yes,Don't recall,Don't recall,Don't recall,Don't recall,Don't recall,Don't recall,High Impact,High Impact,High Impact,High Impact,High Impact,High Impact,Some Impact,Some Impact,Some Impact,Some Impact,No,No,No,No,No,No,No,No,No,No,No,No,No,No,No,No,Computer Science,Man
CMP 131 Fundamentals of Programming (Python),Yes,Yes,Yes,Yes,Yes,No,No,No,No,Yes,No,No,Don't recall,High Impact,High Impact,Some Impact,No Impact,Some Impact,Some Impact,No Impact,High Impact,,,No,No,No,No,No,No,No,No,No,No,No,No,No,No,No,No,Nan,Man
CMP 131 Fundamentals of Programming (Python),Yes,No,No,Yes,No,No,Yes,No,No,No,No,No,No,High Impact,High Impact,High Impact,High Impact,Some Impact,No Impact,High Impact,Some Impact,,High Impact,No,No,No,Yes,No,No,No,No,No,No,No,No,No,No,No,No,Computer Science,Man
CMP 131 Fundamentals of Programming (Python),No,No,Yes,Yes,Yes,Yes,Yes,No,No,No,No,No,No,High Impact,High Impact,Some Impact,Some Impact,No Impact,No Impact,Some Impact,Some Impact,No Impact,No Impact,No,No,No,No,No,No,No,No,No,No,No,No,No,No,No,No,Computer Science,Man
CMP 131 Fundamentals of Programming (Python),No,No,Yes,Yes,No,No,No,No,No,No,No,No,No,Some Impact,Some Impact,High Impact,High Impact,Some Impact,No Impact,Some Impact,No Impact,High Impact,High Impact,No,No,No,No,No,No,No,No,No,No,No,No,No,No,No,No,Computer Science,Man
CMP 131 Fundamentals of Programming (Python),No,No,Yes,Yes,Yes,Yes,Yes,No,No,No,No,No,Yes,High Impact,Some Impact,Some Impact,No Impact,No Impact,No Impact,No Impact,No Impact,Some Impact,,No,No,Yes,No,No,No,No,No,No,No,Yes,No,No,No,No,No,Computer Science,Man
CMP 131 Fundamentals of Programming (Python),No,Yes,No,Yes,No,Yes,Yes,No,No,No,No,No,No,High Impact,High Impact,Some Impact,Some Impact,High Impact,No Impact,High Impact,Some Impact,No Impact,No Impact,No,No,No,No,No,Yes,No,No,No,No,No,Yes,No,No,No,No,Nan,Man
CMP 131 Fundamentals of Programming (Python),Yes,Yes,Yes,Yes,Yes,Yes,Yes,No,No,No,No,No,No,Some Impact,Some Impact,High Impact,Some Impact,No Impact,Some Impact,High Impact,High Impact,High Impact,No Impact,Yes,No,No,No,No,No,No,No,No,Yes,No,Yes,No,No,No,No,Nan,Man
CMP 131 Fundamentals of Programming (Python),Yes,No,No,Yes,Yes,Yes,No,No,No,Yes,No,No,No,High Impact,High Impact,High Impact,Some Impact,Some Impact,Some Impact,Some Impact,Some Impact,,,No,No,No,Yes,No,No,No,No,No,No,No,No,No,No,No,No,Computer Science,Man
CMP 131 Fundamentals of Programming (Python),Yes,Yes,Yes,Yes,Don't recall,Don't recall,Don't recall,Don't recall,No,No,No,No,No,High Impact,High Impact,Some Impact,No Impact,Some Impact,No Impact,Some Impact,Some Impact,No Impact,No Impact,No,Yes,Yes,No,No,No,No,No,No,No,No,No,No,No,No,No,Nan,Man
CMP 131 Fundamentals of Programming (Python),Yes,Yes,Yes,Yes,Don't recall,Don't recall,Don't recall,Don't recall,No,No,No,No,No,High Impact,High Impact,Some Impact,No Impact,Some Impact,No Impact,Some Impact,Some Impact,No Impact,No Impact,No,Yes,Yes,No,No,No,No,No,No,No,No,No,No,No,No,No,Nan,Man
CMP 131 Fundamentals of Programming (Python),Yes,Yes,Yes,Yes,Don't recall,Don't recall,Don't recall,Don't recall,No,No,No,No,No,High Impact,High Impact,Some Impact,No Impact,Some Impact,No Impact,Some Impact,Some Impact,No Impact,No Impact,No,Yes,Yes,No,No,No,No,No,No,No,No,No,No,No,No,No,Nan,Man
CMP 130 Intro to IT,Yes,No,Yes,Yes,Yes,Yes,No,No,No,No,No,No,No,High Impact,High Impact,Some Impact,Some Impact,No Impact,No Impact,Some Impact,High Impact,No Impact,No Impact,Yes,Yes,No,No,No,Yes,No,No,No,No,Yes,No,No,No,No,No,Computer Science,Prefer not to say
CMP 128 Computer Science I,No,No,No,Yes,No,No,No,No,No,No,No,No,No,High Impact,High Impact,Some Impact,No Impact,High Impact,No Impact,High Impact,No Impact,No Impact,No Impact,No,No,No,No,No,No,No,No,No,No,No,No,No,No,No,No,Computer Science,Woman
CMP 130 Intro to IT,Yes,No,No,Yes,Don't recall,Yes,Yes,No,No,No,No,No,Don't recall,High Impact,Some Impact,Some Impact,No Impact,High Impact,Some Impact,Some Impact,High Impact,No Impact,No Impact,Yes,No,Not Sure,No,No,No,No,No,No,Not Sure,Yes,Yes,No,No,No,No,Nan,Man
CMP 239 Internet & Web Page Design,Yes,Yes,No,Yes,Yes,Yes,Yes,No,No,No,No,No,Don't recall,High Impact,High Impact,High Impact,High Impact,No Impact,Some Impact,High Impact,Some Impact,High Impact,High Impact,No,No,Not Sure,No,No,Yes,No,No,No,Yes,No,Yes,No,No,No,No,other,Woman
CMP 239 Internet & Web Page Design,Yes,No,Yes,Yes,No,No,Yes,No,No,No,No,No,Don't recall,High Impact,Some Impact,High Impact,High Impact,,,Some Impact,Some Impact,High Impact,No Impact,No,No,No,No,No,No,No,No,No,Yes,No,Yes,No,No,No,No,Nan,Woman
CMP 131 Fundamentals of Programming (Python),No,No,No,Yes,No,No,No,No,No,Yes,Yes,Yes,No,Some Impact,High Impact,High Impact,Some Impact,No Impact,No Impact,Some Impact,Some Impact,No Impact,No Impact,No,No,No,No,No,No,No,No,No,No,No,No,No,No,No,No,Nan,Man
CMP 128 Computer Science I,No,No,No,Yes,Yes,No,No,No,No,No,No,No,No,No Impact,No Impact,No Impact,No Impact,Some Impact,No Impact,No Impact,High Impact,No Impact,No Impact,No,No,No,No,No,No,No,No,No,No,No,No,No,No,No,No,Nan,Man
CMP 128 Computer Science I,No,No,Yes,Yes,Yes,Yes,Yes,No,No,No,No,No,No,High Impact,High Impact,Some Impact,No Impact,High Impact,No Impact,Some Impact,Some Impact,High Impact,High Impact,No,No,No,No,No,No,No,No,No,Yes,No,No,No,No,No,No,Nan,Man
CMP 128 Computer Science I,No,No,No,Yes,No,No,Yes,No,No,No,No,No,No,High Impact,High Impact,Some Impact,No Impact,Some Impact,No Impact,Some Impact,No Impact,No Impact,No Impact,No,Yes,No,No,No,No,No,No,No,No,No,No,No,No,No,No,Computer Science,Man
CMP 128 Computer Science I,Yes,No,No,Yes,No,No,No,No,No,No,No,No,No,High Impact,High Impact,Some Impact,Some Impact,Some Impact,High Impact,Some Impact,High Impact,High Impact,No Impact,No,No,No,No,No,No,No,No,No,No,No,No,No,No,No,No,Computer Science,Man
CMP 128 Computer Science I,No,No,No,Yes,Yes,Yes,No,No,No,No,No,No,No,High Impact,Some Impact,No Impact,No Impact,Some Impact,No Impact,No Impact,No Impact,No Impact,No Impact,No,No,Yes,Yes,No,No,No,No,No,Yes,Yes,Yes,Not Sure,No,No,No,Computer Science,Man
CMP 128 Computer Science I,No,No,No,No,No,No,No,No,No,No,No,No,No,No Impact,High Impact,Some Impact,High Impact,High Impact,High Impact,High Impact,Some Impact,High Impact,,Yes,No,No,Yes,No,No,No,No,No,No,No,Yes,No,No,No,Yes,Computer Science,Woman
CMP 128 Computer Science I,Yes,No,No,Yes,No,No,Yes,No,No,No,No,No,No,Some Impact,Some Impact,High Impact,No Impact,No Impact,Some Impact,No Impact,Some Impact,No Impact,,No,No,No,No,No,No,No,No,No,No,No,Yes,No,No,No,No,Nan,Man
CMP 128 Computer Science I,No,Don't recall,Yes,Yes,Yes,Yes,Yes,Don't recall,Don't recall,Don't recall,Don't recall,Don't recall,Don't recall,High Impact,High Impact,Some Impact,Some Impact,No Impact,Some Impact,Some Impact,No Impact,High Impact,No Impact,No,No,No,No,No,No,No,No,No,Yes,No,Yes,No,No,No,No,Nan,Man
CMP 128 Computer Science I,Yes,No,No,Yes,Yes,Yes,Yes,No,No,No,No,No,No,High Impact,Some Impact,Some Impact,Some Impact,Some Impact,No Impact,Some Impact,No Impact,No Impact,No Impact,No,No,Yes,Yes,No,No,No,No,No,Yes,Yes,Yes,No,No,No,No,Computer Science,Man
CMP 128 Computer Science I,No,No,Yes,No,No,No,Yes,No,No,No,No,No,Don't recall,High Impact,Some Impact,High Impact,No Impact,No Impact,No Impact,No Impact,No Impact,No Impact,No Impact,No,No,Yes,No,No,Yes,No,No,No,Yes,No,Yes,No,No,No,No,Nan,Man
CMP 128 Computer Science I,No,No,No,Yes,No,Yes,No,No,No,No,No,No,No,High Impact,High Impact,No Impact,No Impact,Some Impact,No Impact,Some Impact,Some Impact,No Impact,No Impact,Yes,No,Not Sure,No,No,Yes,No,No,No,Yes,No,Yes,No,No,No,No,Computer Science,Man
CMP 128 Computer Science I,Yes,No,No,Yes,No,No,No,No,No,No,No,No,No,Some Impact,Some Impact,High Impact,No Impact,Some Impact,No Impact,No Impact,No Impact,Some Impact,No Impact,No,No,No,No,No,No,No,No,No,No,No,No,No,No,No,No,Nan,Man
CMP 128 Computer Science I,No,No,No,Yes,No,No,No,No,No,No,No,No,No,High Impact,No Impact,Some Impact,High Impact,Some Impact,Some Impact,No Impact,Some Impact,,,No,No,Yes,Yes,No,No,No,No,No,No,No,Yes,No,No,No,No,Nan,Man
CMP 128 Computer Science I,No,No,Yes,Yes,No,No,No,No,No,No,No,No,No,High Impact,High Impact,High Impact,No Impact,Some Impact,No Impact,Some Impact,Some Impact,,,Yes,No,Not Sure,No,No,Yes,No,No,No,Yes,No,Yes,No,No,No,No,Computer Science,Man
CMP 128 Computer Science I,Yes,No,No,Yes,No,No,No,No,No,No,No,No,No,No Impact,Some Impact,High Impact,No Impact,Some Impact,No Impact,No Impact,No Impact,High Impact,No Impact,No,No,No,No,No,No,No,No,No,No,No,No,No,No,No,No,Nan,Man
CMP 128 Computer Science I,No,No,No,Yes,No,No,No,No,No,No,No,No,No,High Impact,No Impact,High Impact,High Impact,Some Impact,Some Impact,No Impact,Some Impact,,,No,No,Yes,Yes,No,No,No,No,No,No,No,No,No,No,No,No,Nan,Man
CMP 128 Computer Science I,No,No,No,No,Yes,Yes,Yes,No,No,No,No,No,No,High Impact,High Impact,Some Impact,Some Impact,Some Impact,High Impact,Some Impact,Some Impact,Some Impact,Some Impact,No,No,No,No,No,No,No,No,No,No,Yes,No,No,No,No,No,Computer Science,Man
CMP 128 Computer Science I,No,No,No,No,No,Don't recall,Don't recall,No,No,No,No,No,Yes,High Impact,Some Impact,No Impact,No Impact,No Impact,No Impact,No Impact,No Impact,,,No,No,Yes,No,No,No,No,No,No,No,No,Yes,No,No,No,No,Nan,Man
CMP 128 Computer Science I,Yes,No,No,Yes,Yes,No,No,No,Yes,Yes,No,No,No,High Impact,High Impact,High Impact,High Impact,No Impact,No Impact,Some Impact,No Impact,High Impact,No Impact,No,No,Yes,No,No,No,No,No,No,No,No,Yes,No,No,No,No,Nursing/Radiology,Woman
CMP 128 Computer Science I,Yes,No,No,Yes,Yes,No,No,No,Yes,Yes,No,No,No,High Impact,High Impact,High Impact,High Impact,No Impact,No Impact,Some Impact,No Impact,High Impact,No Impact,No,No,Yes,No,No,No,No,No,No,No,No,Yes,No,No,No,No,Nursing/Radiology,Woman
CMP 128 Computer Science I,Yes,Yes,No,No,No,No,No,No,No,No,No,No,No,High Impact,No Impact,High Impact,High Impact,No Impact,No Impact,Some Impact,No Impact,No Impact,No Impact,No,No,No,No,No,No,No,No,No,No,No,No,No,No,No,No,Computer Science,Man
CMP 128 Computer Science I,Yes,No,No,No,Yes,No,No,No,No,No,No,No,No,High Impact,High Impact,High Impact,High Impact,High Impact,High Impact,High Impact,High Impact,Some Impact,No Impact,Yes,No,Yes,Yes,No,No,No,No,No,No,No,No,No,No,No,No,Computer Science,Man
CMP 128 Computer Science I,Yes,Yes,No,Yes,No,No,No,No,No,No,No,No,No,High Impact,High Impact,High Impact,High Impact,High Impact,High Impact,High Impact,High Impact,High Impact,No Impact,Yes,No,Yes,Yes,No,No,No,No,No,No,No,No,No,No,No,No,Computer Science,Man
CMP 128 Computer Science I,Yes,Yes,Yes,Yes,Yes,No,No,No,Yes,Yes,Yes,Yes,Yes,High Impact,High Impact,High Impact,High Impact,High Impact,High Impact,High Impact,High Impact,High Impact,,No,No,No,No,No,No,No,No,No,No,No,No,No,No,No,No,Nan,Man
CMP 128 Computer Science I,Yes,No,No,No,No,Yes,Yes,No,No,No,Yes,No,No,Some Impact,High Impact,No Impact,No Impact,Some Impact,Some Impact,No Impact,High Impact,No Impact,No Impact,Yes,No,No,No,No,No,No,No,No,No,No,No,No,No,No,No,Computer Science,Man
CMP 128 Computer Science I,Yes,No,No,Yes,No,Yes,Yes,No,No,Yes,Yes,No,No,High Impact,,,,,,,High Impact,,,Yes,No,No,No,No,No,No,No,No,No,No,No,No,No,No,No,Computer Science,Man
CMP 128 Computer Science I,No,No,No,Yes,Yes,No,No,No,No,No,No,No,No,No Impact,Some Impact,High Impact,No Impact,Some Impact,No Impact,No Impact,No Impact,Some Impact,No Impact,No,No,No,No,No,No,No,No,No,No,No,No,No,No,No,No,Computer Science,Man
CMP 128 Computer Science I,Yes,No,No,No,Yes,No,Yes,No,No,No,No,No,No,High Impact,High Impact,High Impact,Some Impact,No Impact,No Impact,High Impact,Some Impact,High Impact,No Impact,No,No,No,No,No,No,No,No,No,No,No,No,No,No,No,No,Nan,Man
CMP 128 Computer Science I,Yes,No,No,No,No,No,No,No,No,No,No,No,No,High Impact,High Impact,High Impact,High Impact,Some Impact,Some Impact,High Impact,High Impact,Some Impact,Some Impact,No,No,No,No,No,No,No,No,No,No,No,No,No,No,No,No,Nan,Man
CMP 128 Computer Science I,Yes,No,No,No,No,No,No,No,No,No,No,No,No,High Impact,High Impact,High Impact,No Impact,Some Impact,No Impact,Some Impact,Some Impact,Some Impact,Some Impact,No,No,No,No,No,No,No,No,No,No,No,No,No,No,No,No,Nan,Man
CMP 128 Computer Science I,No,No,No,Yes,No,No,No,No,No,No,No,No,No,High Impact,Some Impact,High Impact,Some Impact,High Impact,Some Impact,Some Impact,Some Impact,No Impact,No Impact,No,No,No,No,No,No,No,No,No,No,No,No,No,No,No,No,Nan,Man
CMP 128 Computer Science I,No,No,No,Yes,Yes,No,No,No,No,No,No,No,No,No Impact,High Impact,Some Impact,High Impact,High Impact,Some Impact,,High Impact,,High Impact,No,No,No,No,No,No,No,No,No,No,No,No,No,No,No,No,Nan,Man
CMP 128 Computer Science I,No,No,No,Yes,No,No,No,No,No,No,No,No,No,Some Impact,High Impact,No Impact,No Impact,No Impact,No Impact,No Impact,Some Impact,Some Impact,Some Impact,No,No,No,No,No,No,No,No,No,No,No,No,No,No,No,No,Computer Science,Man
CMP 128 Computer Science I,Yes,No,No,Yes,No,No,No,No,No,No,No,No,No,High Impact,High Impact,No Impact,No Impact,No Impact,No Impact,No Impact,Some Impact,Some Impact,Some Impact,No,No,No,No,No,No,No,No,No,No,No,No,No,No,No,No,Computer Science,Man
CMP 128 Computer Science I,Don't recall,Don't recall,Don't recall,Don't recall,Yes,Don't recall,Don't recall,Don't recall,Don't recall,Yes,Don't recall,Don't recall,Yes,No Impact,High Impact,No Impact,High Impact,No Impact,No Impact,No Impact,No Impact,No Impact,High Impact,No,No,No,No,No,No,No,No,No,No,No,No,No,No,No,No,Computer Science,Man
CMP 128 Computer Science I,Yes,No,No,Yes,No,No,Yes,No,No,No,No,No,No,No Impact,High Impact,High Impact,High Impact,No Impact,No Impact,High Impact,,,,Yes,No,No,Yes,No,No,No,No,No,No,No,No,No,No,No,No,Science,Man
CMP 128 Computer Science I,Yes,Don't recall,No,No,No,Yes,Yes,No,No,No,No,No,No,High Impact,High Impact,No Impact,No Impact,No Impact,No Impact,Some Impact,No Impact,No Impact,No Impact,No,No,No,No,No,No,No,No,No,No,No,Yes,No,No,No,No,Business,Man
CMP 128 Computer Science I,Yes,No,No,Yes,Yes,Yes,No,No,No,No,No,No,No,Some Impact,Some Impact,No Impact,No Impact,No Impact,No Impact,No Impact,No Impact,No Impact,No Impact,No,No,No,No,No,No,No,No,No,No,No,No,No,No,No,No,Engineering,Man
CMP 131 Fundamentals of Programming (Python),No,No,No,Yes,Yes,No,No,No,Yes,No,No,No,No,Some Impact,Some Impact,Some Impact,No Impact,High Impact,High Impact,No Impact,No Impact,No Impact,No Impact,No,No,Yes,No,No,No,No,No,No,No,No,No,Yes,No,No,No,Computer Science,Man
